dates,votes
"Mon May 23 14:39:52 2016 UTC,Mon May 23 14:26:54 2016 UTC,Mon May 23 14:21:34 2016 UTC,Mon May 23 13:55:35 2016 UTC,Mon May 23 13:51:07 2016 UTC,Mon May 23 13:44:34 2016 UTC,Mon May 23 13:39:22 2016 UTC,Mon May 23 13:36:25 2016 UTC,Mon May 23 13:35:07 2016 UTC,Mon May 23 13:26:29 2016 UTC,Mon May 23 13:25:58 2016 UTC,Mon May 23 12:52:15 2016 UTC,Mon May 23 12:48:31 2016 UTC,Mon May 23 12:24:44 2016 UTC,Mon May 23 11:58:25 2016 UTC,Mon May 23 11:16:46 2016 UTC,Mon May 23 10:58:05 2016 UTC,Mon May 23 10:22:39 2016 UTC,Mon May 23 08:57:55 2016 UTC,Mon May 23 06:54:48 2016 UTC,Mon May 23 06:32:55 2016 UTC,Mon May 23 06:29:38 2016 UTC,Mon May 23 06:16:55 2016 UTC,Mon May 23 06:13:53 2016 UTC,Mon May 23 05:25:01 2016 UTC","1,5,3,0,1,4,37,3,15,5,3,6,279,5,9,3,0,2,17,3,1,1,40,4,44"
"Mon May 23 04:53:30 2016 UTC,Mon May 23 03:42:07 2016 UTC,Mon May 23 03:15:42 2016 UTC,Mon May 23 02:59:50 2016 UTC,Mon May 23 02:56:16 2016 UTC,Mon May 23 02:38:27 2016 UTC,Mon May 23 02:35:01 2016 UTC,Mon May 23 02:17:36 2016 UTC,Mon May 23 02:12:26 2016 UTC,Mon May 23 01:57:21 2016 UTC,Mon May 23 01:06:50 2016 UTC,Mon May 23 01:02:21 2016 UTC,Mon May 23 00:38:27 2016 UTC,Mon May 23 00:15:31 2016 UTC,Mon May 23 00:05:19 2016 UTC,Mon May 23 00:05:03 2016 UTC,Sun May 22 23:02:40 2016 UTC,Sun May 22 22:45:29 2016 UTC,Sun May 22 22:34:53 2016 UTC,Sun May 22 22:09:33 2016 UTC,Sun May 22 22:08:56 2016 UTC,Sun May 22 21:59:09 2016 UTC,Sun May 22 21:23:12 2016 UTC,Sun May 22 21:08:38 2016 UTC,Sun May 22 21:05:17 2016 UTC","35,69,5,4,20,22,31,150,4,13,1,71,4,1,8,9,17,3,6,31,9,18,16,4,8"
"Sun May 22 20:49:58 2016 UTC,Sun May 22 20:47:17 2016 UTC,Sun May 22 20:41:10 2016 UTC,Sun May 22 20:39:45 2016 UTC,Sun May 22 20:01:05 2016 UTC,Sun May 22 19:18:14 2016 UTC,Sun May 22 18:28:02 2016 UTC,Sun May 22 17:51:58 2016 UTC,Sun May 22 17:43:56 2016 UTC,Sun May 22 16:28:03 2016 UTC,Sun May 22 16:18:15 2016 UTC,Sun May 22 16:15:02 2016 UTC,Sun May 22 15:53:58 2016 UTC,Sun May 22 15:50:34 2016 UTC,Sun May 22 15:42:39 2016 UTC,Sun May 22 15:10:18 2016 UTC,Sun May 22 14:54:59 2016 UTC,Sun May 22 14:42:51 2016 UTC,Sun May 22 14:00:59 2016 UTC,Sun May 22 13:31:15 2016 UTC,Sun May 22 13:21:23 2016 UTC,Sun May 22 13:18:35 2016 UTC,Sun May 22 12:51:31 2016 UTC,Sun May 22 12:45:24 2016 UTC,Sun May 22 11:40:07 2016 UTC,Sun May 22 08:55:25 2016 UTC,Sun May 22 07:30:51 2016 UTC,Sun May 22 06:41:23 2016 UTC,Sun May 22 06:28:38 2016 UTC,Sun May 22 06:01:16 2016 UTC,Sun May 22 05:48:44 2016 UTC,Sun May 22 05:18:39 2016 UTC,Sun May 22 04:33:42 2016 UTC,Sun May 22 04:26:34 2016 UTC,Sun May 22 04:23:16 2016 UTC,Sun May 22 03:44:20 2016 UTC,Sun May 22 03:14:17 2016 UTC,Sun May 22 02:47:00 2016 UTC,Sun May 22 02:36:11 2016 UTC,Sun May 22 02:00:52 2016 UTC,Sun May 22 01:24:42 2016 UTC,Sun May 22 00:35:12 2016 UTC,Sun May 22 00:00:47 2016 UTC,Sat May 21 22:56:32 2016 UTC,Sat May 21 22:40:54 2016 UTC,Sat May 21 22:02:14 2016 UTC,Sat May 21 21:47:18 2016 UTC,Sat May 21 21:14:06 2016 UTC,Sat May 21 20:40:51 2016 UTC,Sat May 21 20:30:02 2016 UTC,Sat May 21 19:54:10 2016 UTC,Sat May 21 19:47:26 2016 UTC,Sat May 21 19:45:54 2016 UTC,Sat May 21 18:27:48 2016 UTC,Sat May 21 18:13:42 2016 UTC,Sat May 21 17:48:29 2016 UTC,Sat May 21 17:34:03 2016 UTC,Sat May 21 16:52:57 2016 UTC,Sat May 21 15:55:07 2016 UTC,Sat May 21 14:57:46 2016 UTC,Sat May 21 13:30:43 2016 UTC,Sat May 21 12:44:01 2016 UTC,Sat May 21 12:24:09 2016 UTC,Sat May 21 12:20:33 2016 UTC,Sat May 21 12:03:42 2016 UTC,Sat May 21 11:56:06 2016 UTC,Sat May 21 11:52:46 2016 UTC,Sat May 21 11:37:40 2016 UTC,Sat May 21 10:48:43 2016 UTC,Sat May 21 10:41:00 2016 UTC,Sat May 21 07:48:56 2016 UTC,Sat May 21 07:41:46 2016 UTC,Sat May 21 06:43:10 2016 UTC,Sat May 21 06:41:27 2016 UTC,Sat May 21 05:36:25 2016 UTC,Sat May 21 04:48:42 2016 UTC,Sat May 21 03:24:50 2016 UTC,Sat May 21 03:17:01 2016 UTC,Sat May 21 03:14:24 2016 UTC,Sat May 21 01:57:47 2016 UTC,Sat May 21 01:40:25 2016 UTC,Sat May 21 01:15:01 2016 UTC,Sat May 21 00:12:38 2016 UTC,Fri May 20 23:59:41 2016 UTC,Fri May 20 23:15:03 2016 UTC,Fri May 20 21:26:16 2016 UTC,Fri May 20 20:57:34 2016 UTC,Fri May 20 20:41:08 2016 UTC,Fri May 20 20:39:59 2016 UTC,Fri May 20 20:36:59 2016 UTC,Fri May 20 20:32:19 2016 UTC,Fri May 20 20:15:44 2016 UTC,Fri May 20 19:58:59 2016 UTC,Fri May 20 19:16:16 2016 UTC,Fri May 20 19:13:47 2016 UTC,Fri May 20 18:54:14 2016 UTC,Fri May 20 18:18:38 2016 UTC,Fri May 20 18:12:41 2016 UTC,Fri May 20 18:04:29 2016 UTC,Fri May 20 17:47:24 2016 UTC","21,29,16,12,42,7,1,55,3,1,13,2,2,20,58,16,37,13,12,6,4,15,2,412,4,1,2,2,6,3,6,5,10,148,17,18,13,5,2,8,20,45,4,7,5,5,44,45,13,2,50,4,46,27,99,13,24,21,237,43,23,41,19,12,89,32,7,12,17,190,59,6,19,15,12,21,10,5,2,24,12,2,4,38,2,6,27,8,21,4,3,3,7,3,9,3,2,2,10,55"
"Fri May 20 17:17:28 2016 UTC,Fri May 20 16:48:31 2016 UTC,Fri May 20 16:34:23 2016 UTC,Fri May 20 16:20:50 2016 UTC,Fri May 20 16:01:30 2016 UTC,Fri May 20 15:39:45 2016 UTC,Fri May 20 15:33:54 2016 UTC,Fri May 20 15:22:27 2016 UTC,Fri May 20 15:20:02 2016 UTC,Fri May 20 15:16:41 2016 UTC,Fri May 20 14:57:15 2016 UTC,Fri May 20 14:37:46 2016 UTC,Fri May 20 14:31:07 2016 UTC,Fri May 20 14:28:13 2016 UTC,Fri May 20 14:09:32 2016 UTC,Fri May 20 13:35:39 2016 UTC,Fri May 20 13:35:31 2016 UTC,Fri May 20 13:06:35 2016 UTC,Fri May 20 12:48:31 2016 UTC,Fri May 20 12:23:10 2016 UTC,Fri May 20 11:04:11 2016 UTC,Fri May 20 09:42:41 2016 UTC,Fri May 20 08:25:58 2016 UTC,Fri May 20 08:24:06 2016 UTC,Fri May 20 07:02:23 2016 UTC","2,2,22,22,46,78,13,2,12,38,5,3,278,133,122,5,10,136,74,0,3,1,3,31,44"
"Fri May 20 06:34:50 2016 UTC,Fri May 20 06:30:44 2016 UTC,Fri May 20 06:19:08 2016 UTC,Fri May 20 03:12:30 2016 UTC,Fri May 20 03:49:20 2016 UTC,Fri May 20 03:46:58 2016 UTC,Fri May 20 03:40:51 2016 UTC,Fri May 20 02:43:12 2016 UTC,Fri May 20 02:14:19 2016 UTC,Fri May 20 01:25:26 2016 UTC,Fri May 20 01:11:26 2016 UTC,Fri May 20 01:01:54 2016 UTC,Fri May 20 00:57:50 2016 UTC,Fri May 20 00:17:34 2016 UTC,Fri May 20 00:08:16 2016 UTC,Fri May 20 00:02:05 2016 UTC,Thu May 19 23:44:54 2016 UTC,Thu May 19 23:32:30 2016 UTC,Thu May 19 23:27:30 2016 UTC,Thu May 19 23:19:48 2016 UTC,Thu May 19 23:18:40 2016 UTC,Thu May 19 22:27:15 2016 UTC,Thu May 19 22:25:40 2016 UTC,Thu May 19 22:16:32 2016 UTC,Thu May 19 22:12:35 2016 UTC","28,24,4,3,7,4,4,6,50,31,30,13,33,4,10,5,18,2,10,9,115,14,5,7,9"
"Thu May 19 22:04:33 2016 UTC,Thu May 19 22:01:32 2016 UTC,Thu May 19 21:20:08 2016 UTC,Thu May 19 21:10:01 2016 UTC,Thu May 19 20:56:32 2016 UTC,Thu May 19 20:51:03 2016 UTC,Thu May 19 20:39:26 2016 UTC,Thu May 19 20:18:29 2016 UTC,Thu May 19 19:52:56 2016 UTC,Thu May 19 19:44:35 2016 UTC,Thu May 19 19:28:09 2016 UTC,Thu May 19 19:22:21 2016 UTC,Thu May 19 19:18:40 2016 UTC,Thu May 19 19:03:59 2016 UTC,Thu May 19 19:01:57 2016 UTC,Thu May 19 18:29:29 2016 UTC,Thu May 19 17:43:04 2016 UTC,Thu May 19 17:18:44 2016 UTC,Thu May 19 17:16:40 2016 UTC,Thu May 19 16:58:30 2016 UTC,Thu May 19 16:24:45 2016 UTC,Thu May 19 16:10:23 2016 UTC,Thu May 19 15:50:51 2016 UTC,Thu May 19 15:43:52 2016 UTC,Thu May 19 14:25:36 2016 UTC","39,17,19,36,11,2,4,1,17,92,236,4,18,39,23,5,8,54,4,9,12,2,41,18,3"
"Thu May 19 13:36:23 2016 UTC,Thu May 19 13:21:20 2016 UTC,Thu May 19 13:12:07 2016 UTC,Thu May 19 13:11:13 2016 UTC,Thu May 19 12:29:56 2016 UTC,Thu May 19 12:20:13 2016 UTC,Thu May 19 12:19:39 2016 UTC,Thu May 19 12:05:14 2016 UTC,Thu May 19 11:32:43 2016 UTC,Thu May 19 11:21:08 2016 UTC,Thu May 19 10:00:54 2016 UTC,Thu May 19 09:43:37 2016 UTC,Thu May 19 08:18:04 2016 UTC,Thu May 19 08:08:38 2016 UTC,Thu May 19 06:33:35 2016 UTC,Thu May 19 06:07:25 2016 UTC,Thu May 19 05:51:33 2016 UTC,Thu May 19 05:38:15 2016 UTC,Thu May 19 05:36:41 2016 UTC,Thu May 19 05:12:25 2016 UTC,Thu May 19 04:41:59 2016 UTC,Thu May 19 04:41:47 2016 UTC,Thu May 19 04:41:41 2016 UTC,Thu May 19 03:08:20 2016 UTC,Thu May 19 02:46:33 2016 UTC","3,8,15,41,3,87,12,2,7,7,2,6,5,26,11,261,50,16,4,7,12,23,7,20,4"
"Thu May 19 02:36:50 2016 UTC,Thu May 19 02:32:43 2016 UTC,Thu May 19 01:54:43 2016 UTC,Thu May 19 01:12:29 2016 UTC,Thu May 19 00:59:07 2016 UTC,Thu May 19 00:07:07 2016 UTC,Wed May 18 23:43:19 2016 UTC,Wed May 18 23:37:10 2016 UTC,Wed May 18 23:22:09 2016 UTC,Wed May 18 22:39:19 2016 UTC,Wed May 18 21:57:47 2016 UTC,Wed May 18 21:17:13 2016 UTC,Wed May 18 21:09:02 2016 UTC,Wed May 18 21:04:16 2016 UTC,Wed May 18 20:07:23 2016 UTC,Wed May 18 20:06:13 2016 UTC,Wed May 18 19:35:45 2016 UTC,Wed May 18 19:17:11 2016 UTC,Wed May 18 18:50:40 2016 UTC,Wed May 18 18:01:59 2016 UTC,Wed May 18 17:34:35 2016 UTC,Wed May 18 16:57:20 2016 UTC,Wed May 18 16:54:59 2016 UTC,Wed May 18 16:34:54 2016 UTC,Wed May 18 16:33:17 2016 UTC","3,18,5,16,2,5,18,2,6,11,6,13,14,67,3,2,9,133,6,80,38,27,7,26,3"
"Wed May 18 16:12:55 2016 UTC,Wed May 18 15:56:16 2016 UTC,Wed May 18 15:19:03 2016 UTC,Wed May 18 15:07:18 2016 UTC,Wed May 18 15:03:21 2016 UTC,Wed May 18 15:01:24 2016 UTC,Wed May 18 14:52:33 2016 UTC,Wed May 18 13:44:11 2016 UTC,Wed May 18 13:28:43 2016 UTC,Wed May 18 13:26:27 2016 UTC,Wed May 18 13:25:41 2016 UTC,Wed May 18 13:09:43 2016 UTC,Wed May 18 12:23:55 2016 UTC,Wed May 18 12:17:38 2016 UTC,Wed May 18 11:50:48 2016 UTC,Wed May 18 11:34:21 2016 UTC,Wed May 18 10:41:48 2016 UTC,Wed May 18 09:19:39 2016 UTC,Wed May 18 09:10:01 2016 UTC,Wed May 18 08:25:43 2016 UTC,Wed May 18 06:22:57 2016 UTC,Wed May 18 06:17:58 2016 UTC,Wed May 18 06:06:54 2016 UTC,Wed May 18 04:40:45 2016 UTC,Wed May 18 04:23:00 2016 UTC","31,26,11,5,25,4,36,1,3,3,253,11,22,7,10,4,4,8,9,2,52,130,5,3,0"
"Wed May 18 04:14:16 2016 UTC,Wed May 18 03:57:15 2016 UTC,Wed May 18 03:36:28 2016 UTC,Wed May 18 03:03:34 2016 UTC,Wed May 18 01:56:38 2016 UTC,Wed May 18 01:11:32 2016 UTC,Tue May 17 23:47:58 2016 UTC,Tue May 17 23:19:38 2016 UTC,Tue May 17 23:06:51 2016 UTC,Tue May 17 22:51:55 2016 UTC,Tue May 17 22:46:46 2016 UTC,Tue May 17 22:44:09 2016 UTC,Tue May 17 22:42:47 2016 UTC,Tue May 17 22:37:56 2016 UTC,Tue May 17 22:37:02 2016 UTC,Tue May 17 22:25:57 2016 UTC,Tue May 17 21:47:53 2016 UTC,Tue May 17 21:42:41 2016 UTC,Tue May 17 21:41:47 2016 UTC,Tue May 17 21:25:27 2016 UTC,Tue May 17 21:07:19 2016 UTC,Tue May 17 20:57:25 2016 UTC,Tue May 17 20:47:18 2016 UTC,Tue May 17 20:33:22 2016 UTC,Tue May 17 20:22:11 2016 UTC","49,34,2,19,4,61,7,39,10,4,19,8,5,1,22,2,46,10,11,13,5,83,38,2,4"
"Tue May 17 19:57:52 2016 UTC,Tue May 17 18:47:45 2016 UTC,Tue May 17 18:16:03 2016 UTC,Tue May 17 18:14:10 2016 UTC,Tue May 17 17:50:38 2016 UTC,Tue May 17 17:39:21 2016 UTC,Tue May 17 17:37:14 2016 UTC,Tue May 17 17:32:44 2016 UTC,Tue May 17 17:26:43 2016 UTC,Tue May 17 17:25:37 2016 UTC,Tue May 17 17:14:38 2016 UTC,Tue May 17 17:08:35 2016 UTC,Tue May 17 16:59:49 2016 UTC,Tue May 17 16:25:06 2016 UTC,Tue May 17 16:23:45 2016 UTC,Tue May 17 16:14:13 2016 UTC,Tue May 17 16:00:10 2016 UTC,Tue May 17 15:51:53 2016 UTC,Tue May 17 15:49:59 2016 UTC,Tue May 17 15:47:05 2016 UTC,Tue May 17 15:39:13 2016 UTC,Tue May 17 15:27:13 2016 UTC,Tue May 17 15:20:00 2016 UTC,Tue May 17 14:55:43 2016 UTC,Tue May 17 14:49:17 2016 UTC","7,3,45,26,11,2,6,162,13,27,124,22,2,13,10,13,17,3,12,12,1,1,1,19,9"
"Tue May 17 14:42:11 2016 UTC,Tue May 17 14:37:07 2016 UTC,Tue May 17 14:26:44 2016 UTC,Tue May 17 13:44:14 2016 UTC,Tue May 17 13:41:05 2016 UTC,Tue May 17 13:32:03 2016 UTC,Tue May 17 12:35:28 2016 UTC,Tue May 17 12:14:47 2016 UTC,Tue May 17 11:26:47 2016 UTC,Tue May 17 11:25:58 2016 UTC,Tue May 17 09:05:02 2016 UTC,Tue May 17 09:02:48 2016 UTC,Tue May 17 07:27:25 2016 UTC,Tue May 17 06:28:24 2016 UTC,Tue May 17 06:07:53 2016 UTC,Tue May 17 05:47:13 2016 UTC,Tue May 17 04:58:11 2016 UTC,Tue May 17 04:12:59 2016 UTC,Tue May 17 03:47:51 2016 UTC,Tue May 17 03:29:19 2016 UTC,Tue May 17 02:39:01 2016 UTC,Tue May 17 02:24:39 2016 UTC,Tue May 17 00:32:19 2016 UTC,Tue May 17 00:28:40 2016 UTC,Tue May 17 00:24:52 2016 UTC","76,38,224,37,11,4,30,3,5,4,6,9,3,30,1,120,8,12,42,8,9,2,15,2,2"
"Tue May 17 00:05:49 2016 UTC,Mon May 16 23:55:22 2016 UTC,Mon May 16 23:22:52 2016 UTC,Mon May 16 23:20:42 2016 UTC,Mon May 16 22:58:43 2016 UTC,Mon May 16 22:56:43 2016 UTC,Mon May 16 22:56:23 2016 UTC,Mon May 16 22:34:18 2016 UTC,Mon May 16 22:29:01 2016 UTC,Mon May 16 22:26:18 2016 UTC,Mon May 16 22:06:25 2016 UTC,Mon May 16 21:19:34 2016 UTC,Mon May 16 19:47:42 2016 UTC,Mon May 16 21:12:50 2016 UTC,Mon May 16 21:10:28 2016 UTC,Mon May 16 20:49:58 2016 UTC,Mon May 16 20:07:52 2016 UTC,Mon May 16 20:02:48 2016 UTC,Mon May 16 19:45:41 2016 UTC,Mon May 16 19:42:39 2016 UTC,Mon May 16 19:35:40 2016 UTC,Mon May 16 18:57:29 2016 UTC,Mon May 16 18:55:05 2016 UTC,Mon May 16 18:35:29 2016 UTC,Mon May 16 18:32:49 2016 UTC","5,3,4,5,11,87,1,3,7,4,1,143,5,9,4,4,2,52,43,3,51,18,2,13,4"
"Mon May 16 18:15:21 2016 UTC,Mon May 16 17:51:10 2016 UTC,Mon May 16 17:37:12 2016 UTC,Mon May 16 17:36:21 2016 UTC,Mon May 16 17:32:00 2016 UTC,Mon May 16 17:14:31 2016 UTC,Mon May 16 17:12:47 2016 UTC,Mon May 16 16:49:20 2016 UTC,Mon May 16 16:46:14 2016 UTC,Mon May 16 16:39:35 2016 UTC,Mon May 16 16:36:51 2016 UTC,Mon May 16 16:35:16 2016 UTC,Mon May 16 16:34:01 2016 UTC,Mon May 16 16:13:25 2016 UTC,Mon May 16 15:41:48 2016 UTC,Mon May 16 15:02:22 2016 UTC,Mon May 16 14:36:27 2016 UTC,Mon May 16 14:28:11 2016 UTC,Mon May 16 14:24:42 2016 UTC,Mon May 16 14:24:40 2016 UTC,Mon May 16 14:11:32 2016 UTC,Mon May 16 14:10:21 2016 UTC,Mon May 16 13:36:29 2016 UTC,Mon May 16 12:29:33 2016 UTC,Mon May 16 12:03:02 2016 UTC","11,2,23,61,2,3,30,1,5,11,3,12,6,114,0,5,14,372,3,2,114,85,1,3,1"
"Mon May 16 11:48:39 2016 UTC,Mon May 16 11:47:24 2016 UTC,Mon May 16 11:35:43 2016 UTC,Mon May 16 11:21:29 2016 UTC,Mon May 16 11:20:42 2016 UTC,Mon May 16 11:04:30 2016 UTC,Mon May 16 10:41:45 2016 UTC,Mon May 16 10:33:16 2016 UTC,Mon May 16 10:00:16 2016 UTC,Sun May 15 16:17:27 2016 UTC,Mon May 16 08:02:47 2016 UTC,Mon May 16 06:51:57 2016 UTC,Mon May 16 05:31:37 2016 UTC,Mon May 16 05:31:01 2016 UTC,Mon May 16 05:15:30 2016 UTC,Mon May 16 04:31:47 2016 UTC,Mon May 16 04:13:20 2016 UTC,Mon May 16 03:56:52 2016 UTC,Mon May 16 03:54:30 2016 UTC,Mon May 16 02:14:06 2016 UTC,Mon May 16 01:43:23 2016 UTC,Mon May 16 01:05:21 2016 UTC,Mon May 16 01:01:08 2016 UTC,Mon May 16 00:05:20 2016 UTC,Mon May 16 00:05:04 2016 UTC","28,40,2,12,6,2,3,34,3,1,4,10,8,4,48,8,59,4,80,8,20,4,18,4,14"
"Sun May 15 22:51:31 2016 UTC,Sun May 15 22:25:52 2016 UTC,Sun May 15 22:24:01 2016 UTC,Sun May 15 22:13:59 2016 UTC,Sun May 15 21:51:06 2016 UTC,Sun May 15 21:44:57 2016 UTC,Sun May 15 21:40:25 2016 UTC,Sun May 15 21:35:18 2016 UTC,Sun May 15 19:44:52 2016 UTC,Sun May 15 19:42:34 2016 UTC,Sun May 15 18:58:55 2016 UTC,Sun May 15 18:39:11 2016 UTC,Sun May 15 18:32:41 2016 UTC,Sun May 15 18:17:41 2016 UTC,Sun May 15 18:14:52 2016 UTC,Sun May 15 18:09:37 2016 UTC,Sun May 15 17:53:09 2016 UTC,Sun May 15 17:17:39 2016 UTC,Sun May 15 16:28:51 2016 UTC,Sun May 15 15:01:45 2016 UTC,Sun May 15 14:48:51 2016 UTC,Sun May 15 14:16:49 2016 UTC,Sun May 15 13:52:25 2016 UTC,Sun May 15 13:49:23 2016 UTC,Sun May 15 13:22:55 2016 UTC","12,2,3,22,9,7,38,34,21,3,228,3,180,49,2,1,81,15,10,1,6,9,85,8,4"
"Sun May 15 13:03:26 2016 UTC,Sun May 15 12:52:31 2016 UTC,Sun May 15 11:21:31 2016 UTC,Sun May 15 11:04:40 2016 UTC,Sun May 15 11:01:32 2016 UTC,Sun May 15 10:49:39 2016 UTC,Sun May 15 09:16:56 2016 UTC,Sun May 15 08:26:06 2016 UTC,Sun May 15 07:24:13 2016 UTC,Sun May 15 06:47:35 2016 UTC,Sun May 15 06:34:49 2016 UTC,Sun May 15 05:37:49 2016 UTC,Sun May 15 05:02:51 2016 UTC,Sun May 15 04:36:49 2016 UTC,Sun May 15 02:26:40 2016 UTC,Sun May 15 02:26:18 2016 UTC,Sun May 15 01:46:06 2016 UTC,Sun May 15 01:41:22 2016 UTC,Sun May 15 00:52:51 2016 UTC,Sun May 15 00:34:37 2016 UTC,Sat May 14 23:57:31 2016 UTC,Sat May 14 23:51:53 2016 UTC,Sat May 14 23:10:26 2016 UTC,Sat May 14 22:28:35 2016 UTC,Sat May 14 21:22:55 2016 UTC","24,94,9,9,18,13,10,19,3,4,3,11,6,10,5,2,13,35,19,241,5,13,12,5,6"
"Sat May 14 21:11:42 2016 UTC,Sat May 14 21:10:33 2016 UTC,Sat May 14 21:09:26 2016 UTC,Sat May 14 20:53:30 2016 UTC,Sat May 14 20:37:31 2016 UTC,Sat May 14 20:23:47 2016 UTC,Sat May 14 20:12:15 2016 UTC,Sat May 14 20:09:43 2016 UTC,Sat May 14 20:01:14 2016 UTC,Sat May 14 20:01:05 2016 UTC,Sat May 14 19:45:49 2016 UTC,Sat May 14 19:19:32 2016 UTC,Sat May 14 19:13:25 2016 UTC,Sat May 14 16:50:41 2016 UTC,Sat May 14 16:39:28 2016 UTC,Sat May 14 16:16:16 2016 UTC,Sat May 14 16:07:02 2016 UTC,Sat May 14 15:45:30 2016 UTC,Sat May 14 15:31:46 2016 UTC,Sat May 14 14:54:41 2016 UTC,Sat May 14 14:42:15 2016 UTC,Sat May 14 14:09:08 2016 UTC,Sat May 14 14:08:21 2016 UTC,Sat May 14 14:00:44 2016 UTC,Sat May 14 13:21:59 2016 UTC","8,9,9,9,30,3,4,14,3,4,3,11,9,5,6,17,22,55,0,10,11,52,32,79,20"
"Sat May 14 12:50:46 2016 UTC,Sat May 14 12:30:27 2016 UTC,Sat May 14 12:09:14 2016 UTC,Sat May 14 10:11:48 2016 UTC,Sat May 14 09:48:38 2016 UTC,Sat May 14 09:46:30 2016 UTC,Sat May 14 09:33:13 2016 UTC,Sat May 14 09:23:27 2016 UTC,Sat May 14 08:57:22 2016 UTC,Sat May 14 07:52:23 2016 UTC,Sat May 14 07:01:36 2016 UTC,Sat May 14 06:24:35 2016 UTC,Sat May 14 06:22:32 2016 UTC,Sat May 14 06:21:52 2016 UTC,Sat May 14 06:20:41 2016 UTC,Sat May 14 05:46:27 2016 UTC,Sat May 14 04:41:54 2016 UTC,Sat May 14 04:30:27 2016 UTC,Sat May 14 04:01:02 2016 UTC,Sat May 14 03:59:31 2016 UTC,Sat May 14 02:23:02 2016 UTC,Sat May 14 02:08:01 2016 UTC,Sat May 14 01:47:36 2016 UTC,Sat May 14 01:22:01 2016 UTC,Sat May 14 00:39:53 2016 UTC","8,2,8,28,4,2,2,2,8,7,69,359,4,26,6,5,4,4,28,7,4,13,18,3,3"
"Fri May 13 23:51:16 2016 UTC,Fri May 13 23:05:04 2016 UTC,Fri May 13 23:04:06 2016 UTC,Fri May 13 22:51:59 2016 UTC,Fri May 13 22:09:01 2016 UTC,Fri May 13 21:11:07 2016 UTC,Fri May 13 21:10:29 2016 UTC,Fri May 13 20:45:09 2016 UTC,Fri May 13 20:03:53 2016 UTC,Fri May 13 19:59:30 2016 UTC,Fri May 13 19:56:48 2016 UTC,Fri May 13 19:55:51 2016 UTC,Fri May 13 19:32:10 2016 UTC,Fri May 13 19:25:35 2016 UTC,Fri May 13 18:26:49 2016 UTC,Fri May 13 18:08:36 2016 UTC,Fri May 13 18:03:23 2016 UTC,Fri May 13 17:21:07 2016 UTC,Fri May 13 16:52:07 2016 UTC,Fri May 13 16:47:53 2016 UTC,Fri May 13 16:44:33 2016 UTC,Fri May 13 16:42:29 2016 UTC,Fri May 13 16:31:55 2016 UTC,Fri May 13 16:29:52 2016 UTC,Fri May 13 15:59:16 2016 UTC","12,13,2,5,19,4,5,2,10,8,9,83,89,11,17,5,15,19,5,31,57,5,14,4,280"
"Fri May 13 15:19:16 2016 UTC,Fri May 13 14:33:11 2016 UTC,Fri May 13 14:30:13 2016 UTC,Fri May 13 14:21:03 2016 UTC,Fri May 13 13:18:11 2016 UTC,Fri May 13 12:39:51 2016 UTC,Fri May 13 11:51:28 2016 UTC,Fri May 13 11:46:45 2016 UTC,Fri May 13 11:44:50 2016 UTC,Fri May 13 11:40:48 2016 UTC,Fri May 13 11:38:16 2016 UTC,Fri May 13 10:08:38 2016 UTC,Fri May 13 07:53:24 2016 UTC,Fri May 13 04:37:24 2016 UTC,Fri May 13 04:30:45 2016 UTC,Fri May 13 03:00:31 2016 UTC,Fri May 13 02:59:54 2016 UTC,Fri May 13 01:52:27 2016 UTC,Thu May 12 21:58:16 2016 UTC,Fri May 13 01:33:45 2016 UTC,Fri May 13 01:29:24 2016 UTC,Fri May 13 00:50:10 2016 UTC,Fri May 13 00:36:19 2016 UTC,Fri May 13 00:27:17 2016 UTC,Thu May 12 23:53:43 2016 UTC","10,2,3,21,1,31,4,6,3,101,15,5,3,11,2,21,42,3,5,156,3,3,4,6,9"
"Thu May 12 23:10:54 2016 UTC,Thu May 12 22:15:23 2016 UTC,Thu May 12 22:12:23 2016 UTC,Thu May 12 22:06:09 2016 UTC,Thu May 12 21:54:41 2016 UTC,Thu May 12 21:46:21 2016 UTC,Thu May 12 21:10:23 2016 UTC,Thu May 12 20:37:06 2016 UTC,Thu May 12 20:22:56 2016 UTC,Thu May 12 19:57:39 2016 UTC,Thu May 12 19:10:39 2016 UTC,Thu May 12 18:45:04 2016 UTC,Thu May 12 18:37:14 2016 UTC,Thu May 12 18:35:47 2016 UTC,Thu May 12 18:28:18 2016 UTC,Thu May 12 18:17:54 2016 UTC,Thu May 12 18:13:06 2016 UTC,Thu May 12 18:01:25 2016 UTC,Thu May 12 17:42:22 2016 UTC,Thu May 12 17:09:47 2016 UTC,Thu May 12 17:09:34 2016 UTC,Thu May 12 16:50:50 2016 UTC,Thu May 12 16:45:35 2016 UTC,Thu May 12 16:33:02 2016 UTC,Thu May 12 16:31:19 2016 UTC","3,16,4,10,26,5,12,2,8,2,4,3,89,6,43,11,58,166,35,41,10,2,48,123,35"
"Thu May 12 15:45:13 2016 UTC,Thu May 12 15:33:33 2016 UTC,Thu May 12 15:32:26 2016 UTC,Thu May 12 14:57:59 2016 UTC,Thu May 12 14:38:00 2016 UTC,Thu May 12 14:32:13 2016 UTC,Thu May 12 14:11:50 2016 UTC,Thu May 12 14:11:07 2016 UTC,Thu May 12 14:07:23 2016 UTC,Thu May 12 13:58:36 2016 UTC,Thu May 12 13:45:04 2016 UTC,Thu May 12 13:37:06 2016 UTC,Thu May 12 13:33:48 2016 UTC,Thu May 12 13:33:22 2016 UTC,Thu May 12 12:17:14 2016 UTC,Thu May 12 11:52:40 2016 UTC,Thu May 12 11:39:40 2016 UTC,Thu May 12 11:02:39 2016 UTC,Thu May 12 10:29:19 2016 UTC,Thu May 12 09:40:37 2016 UTC,Thu May 12 09:21:13 2016 UTC,Thu May 12 08:44:53 2016 UTC,Thu May 12 07:26:24 2016 UTC,Thu May 12 07:23:43 2016 UTC,Thu May 12 07:21:35 2016 UTC","7,4,49,3,20,6,0,4,11,2,24,89,31,4,7,25,85,0,136,12,0,8,3,2,2"
"Thu May 12 07:14:37 2016 UTC,Thu May 12 07:12:33 2016 UTC,Thu May 12 07:10:35 2016 UTC,Thu May 12 07:01:21 2016 UTC,Thu May 12 06:45:57 2016 UTC,Thu May 12 04:13:26 2016 UTC,Thu May 12 05:20:35 2016 UTC,Thu May 12 05:13:37 2016 UTC,Thu May 12 02:35:48 2016 UTC,Thu May 12 02:09:46 2016 UTC,Thu May 12 02:07:48 2016 UTC,Thu May 12 02:06:54 2016 UTC,Thu May 12 00:51:34 2016 UTC,Thu May 12 01:19:01 2016 UTC,Thu May 12 00:37:33 2016 UTC,Wed May 11 23:41:46 2016 UTC,Wed May 11 23:33:48 2016 UTC,Wed May 11 23:25:46 2016 UTC,Wed May 11 23:07:43 2016 UTC,Wed May 11 23:04:58 2016 UTC,Wed May 11 22:57:25 2016 UTC,Wed May 11 22:29:30 2016 UTC,Wed May 11 21:57:29 2016 UTC,Wed May 11 21:57:01 2016 UTC,Wed May 11 21:52:05 2016 UTC","97,31,81,4,3,2,2,21,3,5,16,9,10,10,5,4,4,20,2,3,2,41,2,5,7"
"Wed May 11 21:25:43 2016 UTC,Wed May 11 21:08:23 2016 UTC,Wed May 11 21:08:14 2016 UTC,Wed May 11 21:02:12 2016 UTC,Wed May 11 20:50:54 2016 UTC,Wed May 11 20:50:35 2016 UTC,Wed May 11 20:36:33 2016 UTC,Wed May 11 20:35:25 2016 UTC,Wed May 11 20:31:56 2016 UTC,Wed May 11 20:25:14 2016 UTC,Wed May 11 20:20:46 2016 UTC,Wed May 11 20:18:56 2016 UTC,Wed May 11 20:12:46 2016 UTC,Wed May 11 20:02:22 2016 UTC,Wed May 11 19:53:09 2016 UTC,Wed May 11 19:47:57 2016 UTC,Wed May 11 19:44:26 2016 UTC,Wed May 11 19:36:13 2016 UTC,Wed May 11 19:34:56 2016 UTC,Wed May 11 19:29:54 2016 UTC,Wed May 11 19:17:04 2016 UTC,Wed May 11 19:08:10 2016 UTC,Wed May 11 19:02:23 2016 UTC,Wed May 11 18:57:34 2016 UTC,Wed May 11 18:48:25 2016 UTC","3,18,5,5,305,11,3,10,14,17,19,9,12,9,4,38,14,9,3,4,4,6,96,10,7"
"Wed May 11 18:22:28 2016 UTC,Wed May 11 18:19:43 2016 UTC,Wed May 11 18:00:02 2016 UTC,Wed May 11 17:51:01 2016 UTC,Wed May 11 17:50:06 2016 UTC,Wed May 11 17:36:33 2016 UTC,Wed May 11 17:33:11 2016 UTC,Wed May 11 17:13:16 2016 UTC,Wed May 11 16:32:47 2016 UTC,Wed May 11 16:19:31 2016 UTC,Wed May 11 16:02:00 2016 UTC,Wed May 11 16:01:08 2016 UTC,Wed May 11 15:45:25 2016 UTC,Wed May 11 15:41:45 2016 UTC,Wed May 11 15:30:59 2016 UTC,Wed May 11 15:29:45 2016 UTC,Wed May 11 15:17:04 2016 UTC,Wed May 11 15:15:55 2016 UTC,Wed May 11 15:09:42 2016 UTC,Wed May 11 15:05:05 2016 UTC,Wed May 11 14:58:21 2016 UTC,Wed May 11 14:37:22 2016 UTC,Wed May 11 14:24:45 2016 UTC,Wed May 11 13:48:44 2016 UTC,Wed May 11 13:46:29 2016 UTC","17,15,13,6,21,6,3,11,12,7,7,6,21,67,15,5,14,22,52,123,3,56,208,6,6"
"Wed May 11 13:26:15 2016 UTC,Wed May 11 13:10:30 2016 UTC,Wed May 11 12:20:31 2016 UTC,Wed May 11 11:28:11 2016 UTC,Wed May 11 07:04:40 2016 UTC,Wed May 11 07:03:31 2016 UTC,Wed May 11 04:05:05 2016 UTC,Wed May 11 05:16:46 2016 UTC,Wed May 11 05:11:13 2016 UTC,Wed May 11 04:43:28 2016 UTC,Wed May 11 03:23:03 2016 UTC,Wed May 11 03:16:08 2016 UTC,Wed May 11 02:24:29 2016 UTC,Wed May 11 02:16:24 2016 UTC,Wed May 11 02:11:57 2016 UTC,Wed May 11 01:57:41 2016 UTC,Wed May 11 01:56:58 2016 UTC,Wed May 11 01:56:22 2016 UTC,Wed May 11 01:29:17 2016 UTC,Wed May 11 01:07:16 2016 UTC,Tue May 10 21:29:26 2016 UTC,Tue May 10 23:25:39 2016 UTC,Tue May 10 23:03:24 2016 UTC,Tue May 10 22:53:42 2016 UTC,Tue May 10 22:47:03 2016 UTC","2,7,4,7,62,2,16,5,14,6,6,6,6,6,4,5,3,8,46,19,3,3,50,5,3"
"Tue May 10 22:36:19 2016 UTC,Tue May 10 22:34:22 2016 UTC,Tue May 10 22:19:00 2016 UTC,Tue May 10 22:08:19 2016 UTC,Tue May 10 21:57:33 2016 UTC,Tue May 10 21:56:34 2016 UTC,Tue May 10 21:39:00 2016 UTC,Tue May 10 21:28:56 2016 UTC,Tue May 10 20:52:36 2016 UTC,Tue May 10 20:33:09 2016 UTC,Tue May 10 20:28:29 2016 UTC,Tue May 10 20:12:08 2016 UTC,Tue May 10 20:11:05 2016 UTC,Tue May 10 19:57:28 2016 UTC,Tue May 10 19:39:59 2016 UTC,Tue May 10 19:26:12 2016 UTC,Tue May 10 19:23:52 2016 UTC,Tue May 10 19:13:32 2016 UTC,Tue May 10 18:57:48 2016 UTC,Tue May 10 18:30:09 2016 UTC,Tue May 10 18:23:12 2016 UTC,Tue May 10 18:08:57 2016 UTC,Tue May 10 17:52:39 2016 UTC,Tue May 10 17:18:39 2016 UTC,Tue May 10 17:12:34 2016 UTC","6,58,3,2,119,3,5,8,26,97,55,115,5,9,16,3,15,73,14,25,10,32,30,9,126"
"Tue May 10 17:10:47 2016 UTC,Tue May 10 16:37:59 2016 UTC,Tue May 10 16:26:28 2016 UTC,Tue May 10 16:17:09 2016 UTC,Tue May 10 16:16:55 2016 UTC,Tue May 10 16:14:55 2016 UTC,Tue May 10 16:11:14 2016 UTC,Tue May 10 16:10:44 2016 UTC,Tue May 10 16:06:00 2016 UTC,Tue May 10 15:48:06 2016 UTC,Tue May 10 15:20:52 2016 UTC,Tue May 10 15:16:33 2016 UTC,Tue May 10 15:14:17 2016 UTC,Tue May 10 15:13:44 2016 UTC,Tue May 10 15:05:11 2016 UTC,Tue May 10 14:55:29 2016 UTC,Tue May 10 14:51:46 2016 UTC,Tue May 10 14:33:55 2016 UTC,Tue May 10 14:27:03 2016 UTC,Tue May 10 14:24:01 2016 UTC,Tue May 10 14:04:21 2016 UTC,Tue May 10 13:32:44 2016 UTC,Tue May 10 13:28:28 2016 UTC,Tue May 10 13:25:32 2016 UTC,Tue May 10 13:14:46 2016 UTC","3,7,6,5,2,3,8,3,7,7,63,4,18,7,90,15,40,28,8,7,12,56,63,19,10"
"Tue May 10 13:09:44 2016 UTC,Tue May 10 13:07:00 2016 UTC,Tue May 10 13:05:49 2016 UTC,Tue May 10 12:49:14 2016 UTC,Tue May 10 12:31:37 2016 UTC,Tue May 10 12:26:20 2016 UTC,Tue May 10 10:31:58 2016 UTC,Tue May 10 02:25:05 2016 UTC,Tue May 10 10:03:46 2016 UTC,Tue May 10 09:58:51 2016 UTC,Tue May 10 09:45:02 2016 UTC,Tue May 10 09:42:27 2016 UTC,Tue May 10 04:31:28 2016 UTC,Tue May 10 03:34:56 2016 UTC,Tue May 10 02:50:37 2016 UTC,Tue May 10 02:29:10 2016 UTC,Mon May 9 23:25:54 2016 UTC,Mon May 9 23:10:35 2016 UTC,Mon May 9 22:42:13 2016 UTC,Mon May 9 21:40:47 2016 UTC,Mon May 9 21:29:33 2016 UTC,Mon May 9 21:20:00 2016 UTC,Mon May 9 21:11:30 2016 UTC,Mon May 9 20:45:27 2016 UTC,Mon May 9 20:39:45 2016 UTC","12,3,5,42,10,115,23,2,29,70,122,4,5,6,10,25,2,18,41,165,3,9,51,19,9"
"Mon May 9 20:14:46 2016 UTC,Mon May 9 20:00:44 2016 UTC,Mon May 9 19:51:19 2016 UTC,Mon May 9 19:44:10 2016 UTC,Mon May 9 19:33:02 2016 UTC,Mon May 9 19:07:16 2016 UTC,Mon May 9 18:58:09 2016 UTC,Mon May 9 18:50:25 2016 UTC,Mon May 9 18:50:09 2016 UTC,Mon May 9 18:42:59 2016 UTC,Mon May 9 18:17:15 2016 UTC,Mon May 9 18:03:02 2016 UTC,Mon May 9 17:49:23 2016 UTC,Mon May 9 17:41:51 2016 UTC,Mon May 9 17:37:15 2016 UTC,Mon May 9 16:37:29 2016 UTC,Mon May 9 16:24:31 2016 UTC,Mon May 9 15:22:31 2016 UTC,Mon May 9 15:21:28 2016 UTC,Mon May 9 15:14:14 2016 UTC,Mon May 9 15:02:38 2016 UTC,Mon May 9 14:42:46 2016 UTC,Mon May 9 14:37:35 2016 UTC,Mon May 9 14:30:24 2016 UTC,Mon May 9 14:21:21 2016 UTC","6,3,38,40,28,63,4,4,8,6,34,6,2,4,2,7,11,15,8,85,31,14,13,11,4"
"Mon May 9 14:03:01 2016 UTC,Mon May 9 14:01:00 2016 UTC,Mon May 9 13:57:23 2016 UTC,Mon May 9 13:56:01 2016 UTC,Mon May 9 13:52:11 2016 UTC,Mon May 9 13:25:31 2016 UTC,Mon May 9 12:52:21 2016 UTC,Mon May 9 12:41:48 2016 UTC,Mon May 9 12:33:42 2016 UTC,Mon May 9 11:42:26 2016 UTC,Mon May 9 11:42:19 2016 UTC,Mon May 9 11:30:39 2016 UTC,Mon May 9 10:45:09 2016 UTC,Mon May 9 08:54:57 2016 UTC,Mon May 9 08:47:42 2016 UTC,Mon May 9 06:54:20 2016 UTC,Mon May 9 06:30:19 2016 UTC,Mon May 9 06:09:54 2016 UTC,Mon May 9 03:45:49 2016 UTC,Mon May 9 03:30:15 2016 UTC,Mon May 9 03:26:06 2016 UTC,Mon May 9 02:06:31 2016 UTC,Mon May 9 02:06:31 2016 UTC,Mon May 9 01:39:20 2016 UTC,Mon May 9 01:35:04 2016 UTC","25,13,5,7,23,277,9,6,74,3,6,11,6,6,24,80,2,13,3,37,15,11,223,15,14"
"Mon May 9 00:25:19 2016 UTC,Mon May 9 00:19:46 2016 UTC,Mon May 9 00:17:48 2016 UTC,Mon May 9 00:05:19 2016 UTC,Mon May 9 00:05:03 2016 UTC,Sun May 8 22:48:43 2016 UTC,Sun May 8 22:16:27 2016 UTC,Sun May 8 22:14:38 2016 UTC,Sun May 8 22:05:06 2016 UTC,Sun May 8 21:56:35 2016 UTC,Sun May 8 21:46:04 2016 UTC,Sun May 8 20:53:49 2016 UTC,Sun May 8 20:39:56 2016 UTC,Sun May 8 19:59:47 2016 UTC,Sun May 8 19:12:22 2016 UTC,Sun May 8 18:55:46 2016 UTC,Sun May 8 18:36:18 2016 UTC,Sun May 8 17:20:53 2016 UTC,Sun May 8 16:14:45 2016 UTC,Sun May 8 14:18:04 2016 UTC,Sun May 8 14:10:32 2016 UTC,Sun May 8 14:06:57 2016 UTC,Sun May 8 11:22:25 2016 UTC,Sun May 8 11:09:48 2016 UTC,Sun May 8 11:08:07 2016 UTC","11,8,27,9,17,34,12,0,18,2,4,160,3,19,6,5,2,0,16,35,11,172,59,26,11"
"Sun May 8 10:55:25 2016 UTC,Sun May 8 09:07:30 2016 UTC,Sun May 8 09:04:25 2016 UTC,Sun May 8 07:19:55 2016 UTC,Sun May 8 05:10:12 2016 UTC,Sun May 8 03:53:32 2016 UTC,Sun May 8 03:32:02 2016 UTC,Sun May 8 02:57:35 2016 UTC,Sun May 8 02:33:24 2016 UTC,Sun May 8 02:14:24 2016 UTC,Sun May 8 02:00:44 2016 UTC,Sun May 8 01:41:13 2016 UTC,Sun May 8 01:22:15 2016 UTC,Sun May 8 00:44:36 2016 UTC,Sun May 8 00:19:31 2016 UTC,Sat May 7 22:23:25 2016 UTC,Sat May 7 21:41:58 2016 UTC,Sat May 7 20:46:08 2016 UTC,Sat May 7 20:23:06 2016 UTC,Sat May 7 20:20:03 2016 UTC,Sat May 7 19:15:02 2016 UTC,Sat May 7 18:46:21 2016 UTC,Sat May 7 17:46:26 2016 UTC,Sat May 7 17:40:20 2016 UTC,Sat May 7 16:19:02 2016 UTC","112,12,21,286,17,10,7,3,7,8,3,7,3,15,97,11,2,72,74,43,15,82,58,123,63"
"Sat May 7 16:01:10 2016 UTC,Sat May 7 15:46:05 2016 UTC,Sat May 7 15:37:41 2016 UTC,Sat May 7 15:34:31 2016 UTC,Sat May 7 15:31:25 2016 UTC,Sat May 7 14:15:22 2016 UTC,Sat May 7 14:11:18 2016 UTC,Sat May 7 13:07:48 2016 UTC,Sat May 7 12:58:05 2016 UTC,Sat May 7 10:50:01 2016 UTC,Sat May 7 09:51:06 2016 UTC,Sat May 7 06:49:41 2016 UTC,Sat May 7 05:43:27 2016 UTC,Sat May 7 04:11:59 2016 UTC,Sat May 7 03:55:21 2016 UTC,Sat May 7 03:44:01 2016 UTC,Sat May 7 03:30:39 2016 UTC,Sat May 7 02:00:15 2016 UTC,Sat May 7 01:51:03 2016 UTC,Sat May 7 01:22:27 2016 UTC,Fri May 6 23:29:26 2016 UTC,Fri May 6 22:52:11 2016 UTC,Fri May 6 22:58:08 2016 UTC,Fri May 6 22:35:16 2016 UTC,Fri May 6 22:29:48 2016 UTC","19,136,77,7,22,16,9,5,3,24,8,130,61,3,10,20,5,45,14,3,49,7,5,2,17"
"Fri May 6 22:29:16 2016 UTC,Fri May 6 21:51:56 2016 UTC,Fri May 6 21:26:09 2016 UTC,Fri May 6 20:33:40 2016 UTC,Fri May 6 19:45:35 2016 UTC,Fri May 6 19:40:07 2016 UTC,Fri May 6 19:40:01 2016 UTC,Fri May 6 19:39:56 2016 UTC,Fri May 6 19:05:07 2016 UTC,Fri May 6 18:17:07 2016 UTC,Fri May 6 18:12:03 2016 UTC,Fri May 6 17:26:31 2016 UTC,Fri May 6 17:17:24 2016 UTC,Fri May 6 16:59:05 2016 UTC,Fri May 6 16:57:15 2016 UTC,Fri May 6 16:33:40 2016 UTC,Fri May 6 16:05:27 2016 UTC,Fri May 6 15:19:29 2016 UTC","3,39,2,17,71,3,3,22,4,43,24,39,3,5,14,196,6,20"
